City_ID,City,Lat,Lng,Max Temp,Humidity,Cloudiness,Wind Speed,Country,Date
0,makhachkala,42.98,47.5,41.0,93,90,4.47,RU,1609365944
1,jiblah,13.92,44.15,57.69,85,23,4.65,YE,1609366061
2,rikitea,-23.12,-134.97,78.3,76,0,11.92,PF,1609366061
3,qaanaaq,77.48,-69.36,8.08,73,67,13.29,GL,1609366061
4,hermanus,-34.42,19.23,64.0,80,4,10.71,ZA,1609366061
5,cape town,-33.93,18.42,66.99,68,0,4.7,ZA,1609366061
6,longyearbyen,78.22,15.64,28.4,79,75,1.79,SJ,1609366062
7,los llanos de aridane,28.66,-17.92,62.6,88,75,8.05,ES,1609365991
8,ushuaia,-54.8,-68.3,55.4,47,75,3.36,AR,1609366062
9,souillac,-20.52,57.52,77.0,88,75,17.22,MU,1609366063
10,punta arenas,-53.15,-70.92,55.4,58,75,18.34,CL,1609365841
11,kichmengskiy gorodok,59.98,45.79,4.23,94,81,4.56,RU,1609366063
12,clyde river,70.47,-68.59,-11.2,83,75,3.36,CA,1609366063
13,luau,-10.71,22.22,66.09,97,91,3.65,AO,1609366063
14,puerto ayora,-0.74,-90.35,84.2,51,0,19.46,EC,1609366065
15,makakilo city,21.35,-158.09,82.4,48,1,8.05,US,1609366065
16,krutinka,56.01,71.51,-22.36,86,39,10.18,RU,1609366065
17,bosaso,11.28,49.18,73.78,70,5,8.93,SO,1609365940
18,tasiilaq,65.61,-37.64,15.8,61,27,5.82,GL,1609366066
19,port hardy,50.7,-127.42,46.4,87,90,32.21,CA,1609366066
20,thompson,55.74,-97.86,6.8,92,90,2.24,CA,1609366066
21,busselton,-33.65,115.33,72.0,52,0,3.0,AU,1609365808
22,lebu,-37.62,-73.65,58.06,68,0,22.7,CL,1609366067
23,hithadhoo,-0.6,73.08,81.9,77,38,8.88,MV,1609366067
24,bocana de paiwas,12.79,-85.12,79.34,80,100,5.44,NI,1609366067
25,jamestown,42.1,-79.24,39.99,86,90,13.87,US,1609365874
26,rocha,-34.48,-54.33,74.86,51,98,6.46,UY,1609366068
27,iqaluit,63.75,-68.51,6.8,65,75,4.7,CA,1609366068
28,adigeni,41.68,42.7,50.0,39,0,19.46,GE,1609366068
29,kuytun,54.34,101.5,-17.63,84,82,1.12,RU,1609366068
30,avarua,-21.21,-159.78,84.2,79,68,5.82,CK,1609366069
31,namibe,-15.2,12.15,70.54,74,90,5.64,AO,1609366070
32,mecca,21.43,39.83,75.58,73,6,3.2,SA,1609365913
33,bethel,41.37,-73.41,34.0,43,1,6.93,US,1609366070
34,kapaa,22.08,-159.32,80.6,61,40,14.99,US,1609366071
35,georgetown,5.41,100.34,77.0,94,20,6.53,MY,1609365966
36,do gonbadan,30.36,50.8,48.2,87,0,0.54,IR,1609366074
37,den helder,52.96,4.76,42.01,93,75,3.36,NL,1609366074
38,shahdadkot,27.85,67.91,52.45,34,97,2.91,PK,1609366075
39,lompoc,34.64,-120.46,61.0,54,1,17.22,US,1609366075
40,chuy,-33.7,-53.46,71.55,90,97,6.17,UY,1609366075
41,bredasdorp,-34.53,20.04,59.0,82,5,2.24,ZA,1609366000
42,mar del plata,-38.0,-57.56,68.0,49,75,17.22,AR,1609365813
43,luanda,-8.84,13.23,80.6,78,20,8.05,AO,1609365980
44,omboue,-1.57,9.26,77.63,91,100,6.64,GA,1609366076
45,bathsheba,13.22,-59.52,80.6,78,40,5.82,BB,1609366077
46,nome,64.5,-165.41,23.0,67,1,10.29,US,1609366077
47,caravelas,-17.71,-39.25,76.39,81,0,7.65,BR,1609366077
48,grande prairie,55.17,-118.8,10.4,85,75,5.82,CA,1609366025
49,lodja,-3.48,23.43,70.12,95,100,1.21,CD,1609366078
50,kozlovka,55.84,48.25,17.6,92,75,6.71,RU,1609366078
51,port alfred,-33.59,26.89,68.0,92,18,2.66,ZA,1609366078
52,east london,-33.02,27.91,70.05,81,72,8.39,ZA,1609366079
53,nanortalik,60.14,-45.24,31.3,93,100,23.09,GL,1609366079
54,mahebourg,-20.41,57.7,77.0,88,75,17.22,MU,1609366080
55,saint-augustin,51.23,-58.65,11.07,85,68,17.56,CA,1609366080
56,pisco,-13.7,-76.22,70.0,83,40,8.05,PE,1609366080
57,ponta do sol,32.67,-17.1,59.0,82,75,10.29,PT,1609366081
58,harur,12.07,78.5,70.32,91,98,3.02,IN,1609366081
59,cabo san lucas,22.89,-109.91,70.0,48,5,21.92,MX,1609366081
60,hualmay,-11.1,-77.61,72.05,75,58,7.11,PE,1609366081
61,ketchikan,55.34,-131.65,41.0,80,1,11.41,US,1609366081
62,barrow,71.29,-156.79,-9.4,69,20,16.11,US,1609366021
63,riyadh,24.69,46.72,50.0,81,0,2.24,SA,1609365960
64,ribeira grande,38.52,-28.7,57.2,71,20,13.87,PT,1609366082
65,takoradi,4.88,-1.76,80.64,84,58,9.35,GH,1609366083
66,acapulco,16.86,-99.89,82.4,61,20,9.17,MX,1609365986
67,yellowknife,62.46,-114.35,-2.0,83,75,4.29,CA,1609365806
68,vaini,-21.2,-175.2,80.6,78,75,11.41,TO,1609366083
69,sinnamary,5.38,-52.95,79.03,83,100,5.59,GF,1609366083
70,mataura,-46.19,168.86,59.76,80,99,1.41,NZ,1609366084
71,roald,62.58,6.13,36.0,63,0,5.82,NO,1609366084
72,provideniya,64.38,-173.3,26.6,79,90,13.42,RU,1609366084
73,torbay,47.67,-52.73,30.99,74,90,24.16,CA,1609366084
74,constitucion,-35.33,-72.42,66.47,46,0,18.72,CL,1609366085
75,husavik,66.04,-17.34,19.4,79,90,6.93,IS,1609366085
76,dikson,73.51,80.55,-21.06,84,4,7.09,RU,1609366085
77,tuktoyaktuk,69.45,-133.04,-18.4,82,75,9.17,CA,1609366085
78,kruisfontein,-34.0,24.73,63.0,86,0,1.01,ZA,1609366086
79,arraial do cabo,-22.97,-42.03,80.6,65,0,17.22,BR,1609366086
80,sao borja,-28.66,-56.0,89.31,47,57,4.59,BR,1609366087
81,gamba,-2.65,10.0,77.32,89,100,5.32,GA,1609366087
82,tukrah,32.53,20.58,59.13,50,0,15.3,LY,1609366087
83,bud,39.45,-86.18,39.2,93,90,10.29,US,1609366087
84,atuona,-9.8,-139.03,78.66,73,1,18.79,PF,1609366088
85,isla mujeres,21.23,-86.73,80.6,78,75,10.29,MX,1609366088
86,raga,8.46,25.68,72.48,30,7,3.33,SS,1609366088
87,beyla,8.68,-8.63,70.88,22,4,1.66,GN,1609366088
88,kavaratti,10.57,72.64,81.68,77,0,8.25,IN,1609366089
89,bambous virieux,-20.34,57.76,77.0,88,75,17.22,MU,1609366089
90,bubaque,11.28,-15.83,79.95,78,0,15.68,GW,1609366089
91,norman wells,65.28,-126.83,-4.0,76,75,11.41,CA,1609366089
92,coquimbo,-29.95,-71.34,69.8,64,0,12.75,CL,1609365954
93,brainerd,46.36,-94.2,21.2,67,90,10.29,US,1609366090
94,castro,-24.79,-50.01,68.88,90,59,6.29,BR,1609366090
95,fare,-16.7,-151.02,81.97,77,60,16.08,PF,1609366090
96,saint george,37.1,-113.58,48.0,26,1,3.36,US,1609365917
97,saldanha,-33.01,17.94,62.6,77,0,4.7,ZA,1609366091
98,abu dhabi,24.47,54.37,68.0,77,0,1.12,AE,1609366076
99,sioux lookout,50.1,-91.92,14.0,85,90,6.93,CA,1609366001
100,carballo,43.21,-8.69,46.99,94,60,1.99,ES,1609366091
101,rio gallegos,-51.62,-69.22,60.8,38,40,16.11,AR,1609366092
102,salinas,36.68,-121.66,57.99,41,1,4.14,US,1609366060
103,taoudenni,22.68,-3.98,73.33,24,0,7.29,ML,1609366093
104,hargeysa,9.56,44.06,58.33,86,63,12.17,SO,1609366094
105,ilebo,-4.32,20.58,71.19,91,100,0.98,CD,1609366094
106,kaya,13.09,-1.08,72.88,18,0,8.52,BF,1609366094
107,saint anthony,45.02,-93.22,24.8,67,75,16.11,US,1609366095
108,ust-ishim,57.69,71.17,-20.42,87,33,6.13,RU,1609366095
109,cidreira,-30.18,-50.21,79.65,74,24,11.07,BR,1609366095
110,ilulissat,69.22,-51.1,30.2,54,93,13.87,GL,1609366095
111,ler,8.3,30.14,77.76,30,0,4.47,SS,1609366096
112,quatre cocos,-20.21,57.76,77.0,88,75,17.22,MU,1609366096
113,kutum,14.2,24.67,60.98,33,1,6.2,SD,1609366097
114,upernavik,72.79,-56.15,22.89,89,100,8.84,GL,1609366097
115,gidole,5.65,37.37,59.02,91,43,2.04,ET,1609366097
116,sandwick,60.0,-1.25,41.0,80,100,11.41,GB,1609366098
117,maniitsoq,65.42,-52.9,28.42,97,100,13.02,GL,1609366098
118,zaysan,47.47,84.87,4.64,92,99,0.96,KZ,1609366099
119,honningsvag,70.98,25.97,28.4,63,0,12.75,NO,1609366099
120,wiarton,44.74,-81.13,35.01,100,90,14.99,CA,1609365926
121,akersberga,59.48,18.3,35.01,100,100,3.36,SE,1609366100
122,faanui,-16.48,-151.75,81.28,78,88,18.12,PF,1609366100
123,fortuna,40.6,-124.16,52.0,81,90,21.92,US,1609366100
124,houston,29.76,-95.36,72.0,78,90,9.17,US,1609366100
125,san luis,-33.3,-66.34,76.12,19,0,15.19,AR,1609365846
126,santo anastacio,-21.84,-51.61,87.8,40,40,3.27,BR,1609366101
127,harnai,30.1,67.94,43.23,47,32,0.78,PK,1609366101
128,noyabrsk,63.2,75.45,-21.05,88,37,7.65,RU,1609366101
129,brae,60.4,-1.35,41.0,80,100,11.41,GB,1609366102
130,cabedelo,-6.98,-34.83,80.6,74,0,11.41,BR,1609366102
131,el castillo,19.53,-96.85,71.28,55,0,4.92,MX,1609366062
132,westport,41.14,-73.36,39.2,64,1,13.87,US,1609365944
133,miraflores,19.22,-98.81,69.8,30,5,13.87,MX,1609366103
134,saint-philippe,-21.36,55.77,77.0,78,20,23.04,RE,1609366103
135,cayambe,0.05,-78.13,60.8,82,75,11.41,EC,1609366104
136,rincon,32.3,-81.24,69.8,64,90,6.93,US,1609366104
137,bumbesti-jiu,45.17,23.4,44.89,81,98,3.42,RO,1609366104
138,ampanihy,-24.7,44.75,81.05,41,0,9.8,MG,1609366104
139,paramonga,-10.67,-77.83,71.67,76,90,7.72,PE,1609366105
140,coihaique,-45.58,-72.07,55.4,54,75,14.99,CL,1609366105
141,sept-iles,50.2,-66.38,12.2,72,59,6.93,CA,1609365961
142,javanrud,34.8,46.52,36.0,76,0,3.74,IR,1609366106
143,flin flon,54.77,-101.86,6.8,84,75,4.7,CA,1609366107
144,paamiut,61.99,-49.67,33.73,84,100,5.91,GL,1609366107
145,ostrovnoy,68.05,39.51,11.57,94,76,12.53,RU,1609366107
146,lindsay,36.2,-119.09,55.99,62,1,5.82,US,1609366107
147,oistins,13.07,-59.53,80.6,78,40,5.82,BB,1609366028
148,nioro,13.35,-15.75,75.83,45,0,5.91,GM,1609366108
149,laguna,38.42,-121.42,57.99,58,5,9.17,US,1609366108
150,umm lajj,25.02,37.27,73.36,69,0,8.41,SA,1609366109
151,gazanjyk,39.24,55.52,30.2,94,0,11.7,TM,1609366109
152,oyem,1.6,11.58,69.89,92,98,2.46,GA,1609366109
153,kalispell,48.2,-114.31,28.4,86,90,2.93,US,1609366109
154,garden city,42.33,-83.33,44.6,81,90,17.22,US,1609366110
155,canatlan,24.52,-104.78,53.01,62,14,18.01,MX,1609366110
156,aipe,3.22,-75.24,83.61,64,54,4.68,CO,1609366110
157,bardiyah,31.76,25.09,58.19,63,0,6.53,LY,1609366111
158,estrela,-28.06,-50.94,71.31,83,11,2.86,BR,1609366111
159,eureka,40.8,-124.16,52.0,80,100,5.99,US,1609365830
160,mehamn,71.04,27.85,28.4,63,0,12.75,NO,1609366111
161,aklavik,68.22,-135.01,-14.8,83,90,3.36,CA,1609366111
162,hilo,19.73,-155.09,80.6,57,1,6.93,US,1609365972
163,henties bay,-22.12,14.28,64.99,86,100,6.91,NA,1609366112
164,trelew,-43.25,-65.31,64.85,36,56,11.97,AR,1609366021
165,nantucket,41.28,-70.1,41.0,65,20,19.46,US,1609366081
166,dingle,11.0,122.67,76.35,88,99,7.27,PH,1609366113
167,egvekinot,66.32,-179.17,-1.25,93,100,14.38,RU,1609366113
168,port elizabeth,-33.92,25.57,64.4,88,0,6.93,ZA,1609366114
169,puerto escondido,15.85,-97.07,84.2,70,20,9.17,MX,1609366114
170,montepuez,-13.13,39.0,68.76,97,100,3.15,MZ,1609366114
171,jizan,17.33,42.67,78.8,78,0,8.05,SA,1609365963
172,luleburgaz,41.4,27.36,48.2,93,40,4.7,TR,1609366114
173,leshukonskoye,64.9,45.76,6.82,95,100,6.91,RU,1609366115
174,bexhill,-28.77,153.35,73.4,88,90,5.82,AU,1609366115
175,soyo,-6.13,12.37,78.84,89,100,8.01,AO,1609366115
176,charlestown,-32.95,151.67,72.0,97,98,11.74,AU,1609366116
177,iracoubo,5.48,-53.2,78.85,84,100,5.53,GF,1609366116
178,birjand,32.87,59.22,26.6,32,0,6.93,IR,1609365836
179,andenes,69.31,16.12,35.01,77,34,4.7,NO,1609366117
180,robinson,31.47,-97.11,48.2,93,90,17.22,US,1609366117
181,boende,-0.22,20.87,73.04,95,100,2.17,CD,1609366117
182,buraydah,26.33,43.98,57.2,87,20,8.05,SA,1609366118
183,zelenogorskiy,55.03,87.0,10.4,85,90,6.71,RU,1609366118
184,agadez,19.75,10.25,62.69,27,0,7.61,NE,1609366118
185,coahuayana,18.73,-103.68,73.4,56,20,6.17,MX,1609366118
186,marsa matruh,31.35,27.25,55.4,82,0,4.47,EG,1609366118
187,stornoway,58.21,-6.39,37.4,93,18,9.17,GB,1609366119
188,zhanakorgan,43.91,67.25,17.4,90,0,5.19,KZ,1609366119
189,sambava,-14.27,50.17,74.89,85,0,9.62,MG,1609366119
190,vila velha,-20.33,-40.29,80.6,69,0,17.22,BR,1609365840
191,bilma,18.69,12.92,63.99,24,0,6.24,NE,1609366120
192,dumas,35.87,-101.97,44.01,27,1,6.93,US,1609366120
193,muzhi,65.37,64.67,-23.31,87,95,5.55,RU,1609366120
194,cauquenes,-35.97,-72.32,79.83,17,0,16.71,CL,1609366052
195,salalah,17.02,54.09,71.6,60,0,2.24,OM,1609365858
196,slave lake,55.28,-114.77,14.0,78,1,4.7,CA,1609365994
197,puerto baquerizo moreno,-0.9,-89.6,78.8,83,20,13.87,EC,1609366121
198,whitley bay,55.04,-1.45,30.99,86,75,5.82,GB,1609366122
199,gorodishche,48.8,44.47,24.8,92,90,8.95,RU,1609366017
200,saint-francois,46.42,3.91,37.99,89,90,4.7,FR,1609366122
201,mutare,-18.97,32.67,64.92,98,100,4.32,ZW,1609366122
202,dawson creek,55.77,-120.24,21.2,79,1,1.16,CA,1609366122
203,sitka,57.05,-135.33,39.2,93,20,5.82,US,1609366123
204,ngama,11.78,17.17,76.5,21,3,10.6,TD,1609366123
205,pesochnoye,58.01,39.18,21.9,97,100,9.01,RU,1609366123
206,oranjemund,-28.55,16.43,62.87,89,1,12.01,NA,1609366123
207,madhugiri,13.66,77.21,65.17,92,63,7.9,IN,1609366124
208,ambilobe,-13.2,49.05,72.93,92,91,2.19,MG,1609366124
209,kahului,20.89,-156.47,84.2,45,20,23.04,US,1609366082
210,beli manastir,45.77,18.6,42.01,100,40,4.7,HR,1609366125
211,san andres,12.58,-81.7,84.2,74,20,10.29,CO,1609366125
212,port blair,11.67,92.75,79.9,75,69,11.65,IN,1609366125
213,sal rei,16.18,-22.92,71.6,78,75,14.99,CV,1609366126
214,bengkulu,-3.8,102.27,75.13,84,100,4.97,ID,1609366126
215,richards bay,-28.78,32.04,73.76,86,73,4.97,ZA,1609366126
216,ancud,-41.87,-73.82,60.01,62,75,6.93,CL,1609366127
217,kautokeino,69.01,23.04,19.76,96,99,6.73,NO,1609366128
218,kjopsvik,68.1,16.37,35.01,69,75,17.22,NO,1609366128
219,posse,-14.09,-46.37,75.58,67,73,4.92,BR,1609365917
220,sanawad,22.18,76.07,50.0,57,58,10.29,IN,1609366128
221,casablanca,33.59,-7.62,55.0,100,20,5.82,MA,1609366128
222,nuuk,64.18,-51.72,32.0,97,90,2.24,GL,1609366129
223,muravlenko,63.79,74.52,-21.28,88,22,6.98,RU,1609366129
224,nadym,65.53,72.52,-19.26,88,73,5.17,RU,1609366129
225,olafsvik,64.89,-23.71,32.18,91,6,7.45,IS,1609366130
226,klaksvik,62.23,-6.59,37.4,77,99,19.46,FO,1609366130
227,tigzirt,36.89,4.12,50.72,70,29,11.39,DZ,1609366130
228,tharad,24.4,71.63,51.1,43,0,11.41,IN,1609365906
229,palmer,42.16,-72.33,35.6,55,75,9.17,US,1609366130
230,berlevag,70.86,29.09,26.6,58,0,10.29,NO,1609366131
231,narsaq,60.92,-46.05,26.6,58,90,3.36,GL,1609366131
232,shelburne,44.08,-80.2,37.99,100,100,18.9,CA,1609366131
233,marsh harbour,26.54,-77.06,72.91,73,49,22.57,BS,1609366131
234,ahuimanu,21.44,-157.84,82.4,57,40,12.75,US,1609366132
235,helena,46.59,-112.04,33.8,40,90,3.36,US,1609366132
236,vardo,70.37,31.11,26.6,86,75,12.75,NO,1609366132
237,vila franca do campo,37.72,-25.43,55.4,76,20,8.05,PT,1609366133
238,shahpur,16.7,76.83,65.97,81,60,6.8,IN,1609366134
239,zabid,14.2,43.32,77.18,66,0,4.9,YE,1609366134
240,tartus,34.89,35.89,55.4,50,0,6.93,SY,1609366134
241,gewane,10.17,40.65,73.47,49,0,6.67,ET,1609366135
242,san carlos de bariloche,-41.15,-71.31,55.4,50,40,31.09,AR,1609366135
243,zyryanovsk,49.74,84.27,7.68,94,100,0.51,KZ,1609366135
244,benjamin constant,-4.38,-70.03,87.8,62,0,2.24,BR,1609366135
245,biltine,14.53,20.92,72.63,26,0,6.67,TD,1609366136
246,pangnirtung,66.15,-65.71,12.2,72,90,11.41,CA,1609366136
247,puerto leguizamo,-0.19,-74.78,87.85,59,94,2.15,CO,1609366136
248,kodiak,57.79,-152.41,39.2,69,75,4.7,US,1609366136
249,vestmannaeyjar,63.44,-20.27,32.95,84,0,11.9,IS,1609366136
250,oia,40.54,-8.54,43.0,90,26,4.52,PT,1609366137
251,hofn,64.25,-15.21,26.69,84,0,12.82,IS,1609366137
252,medicine hat,50.05,-110.67,32.0,92,40,11.41,CA,1609365886
253,obo,5.4,26.49,74.07,38,5,2.62,CF,1609366137
254,whitehorse,60.72,-135.05,19.0,92,90,3.36,CA,1609366005
255,belmonte,-15.86,-38.88,77.0,73,20,5.82,BR,1609366138
256,areka,7.07,37.7,65.77,62,93,4.7,ET,1609366138
257,loralai,30.37,68.6,35.47,58,9,1.5,PK,1609365918
258,rosita,13.93,-84.4,77.86,92,93,1.48,NI,1609366138
259,lagoa,39.05,-27.98,58.8,76,100,18.37,PT,1609366139
260,timra,62.49,17.33,33.01,100,100,5.82,SE,1609366139
261,homer,59.64,-151.55,37.0,93,90,9.17,US,1609366139
262,moose factory,51.26,-80.61,21.2,85,90,3.36,CA,1609366139
263,jacareacanga,-6.22,-57.75,76.35,90,75,1.23,BR,1609366139
264,brigantine,39.41,-74.36,44.6,73,1,12.75,US,1609366140
265,kollam,8.88,76.6,82.4,83,40,1.12,IN,1609366140
266,shepsi,44.04,39.15,54.39,60,20,3.02,RU,1609366140
267,luis moya,22.43,-102.25,62.6,17,5,23.04,MX,1609366140
268,nalut,30.33,10.85,49.69,45,0,8.03,LY,1609366141
269,korla,41.76,86.15,14.79,84,0,3.85,CN,1609366141
270,petatlan,17.52,-101.27,84.2,70,5,9.17,MX,1609366141
271,fairbanks,64.84,-147.72,12.0,83,75,3.44,US,1609365914
272,yarada,17.65,83.27,66.2,100,0,2.24,IN,1609366142
273,ornskoldsvik,63.29,18.72,28.4,100,90,5.82,SE,1609366142
274,adrar,20.5,-10.07,73.74,33,2,6.98,MR,1609366142
275,kailua,21.4,-157.74,82.4,57,40,12.75,US,1609366142
276,carauari,-4.88,-66.9,78.82,93,71,2.86,BR,1609366143
277,vilhena,-12.74,-60.15,78.8,74,75,8.05,BR,1609366143
278,lashma,54.93,41.14,25.29,98,100,7.87,RU,1609366010
279,altar,30.7,-111.82,63.0,28,0,8.99,MX,1609366143
280,kahama,-3.83,32.6,66.74,79,100,2.3,TZ,1609366144
281,la ronge,55.1,-105.28,10.4,85,100,1.19,CA,1609366144
282,calama,-22.47,-68.93,73.4,35,40,25.28,CL,1609365847
283,choctaw,35.5,-97.27,39.99,64,1,17.22,US,1609366144
284,atikokan,48.76,-91.62,17.02,95,100,9.37,CA,1609366145
285,allonnes,47.97,0.16,42.8,93,90,8.05,FR,1609366145
286,sabancuy,18.97,-91.18,82.74,61,15,2.59,MX,1609366145
287,veraval,20.9,70.37,63.16,38,5,13.2,IN,1609366145
288,mongoumba,3.64,18.59,75.02,42,90,2.82,CF,1609366146
289,sabzevar,36.21,57.68,35.04,65,13,5.91,IR,1609366146
290,mahajanga,-15.72,46.32,77.0,83,75,5.82,MG,1609366146
291,kenai,60.55,-151.26,30.0,86,90,10.29,US,1609366147
292,chute-aux-outardes,49.12,-68.4,15.8,72,90,2.24,CA,1609366147
293,yendi,9.44,-0.01,79.65,18,29,4.16,GH,1609366147
294,bemidji,47.47,-94.88,15.8,78,1,11.41,US,1609366116
295,redwater,33.36,-94.25,55.4,87,90,9.17,US,1609366147
296,seidu,9.02,-10.6,71.38,35,0,2.21,SL,1609366148
297,rome,34.26,-85.16,55.4,66,40,10.29,US,1609366104
298,opuwo,-18.06,13.84,71.13,60,100,6.93,NA,1609366149
299,moberly,39.42,-92.44,30.99,79,99,4.0,US,1609366150
300,kaniama,-7.57,24.18,66.79,94,100,2.51,CD,1609366150
301,atar,20.52,-13.05,70.12,27,86,4.41,MR,1609366150
302,haifa,32.82,34.99,57.0,61,0,1.01,IL,1609366150
303,macenta,8.54,-9.47,69.96,26,0,2.26,GN,1609366151
304,san cristobal,7.77,-72.22,80.6,61,40,8.05,VE,1609366151
305,indian head,38.6,-77.16,44.6,39,1,8.05,US,1609366155
306,strezhevoy,60.73,77.59,-14.8,75,75,6.71,RU,1609366155
307,saint-joseph,-21.37,55.62,77.0,78,20,23.04,RE,1609366155
308,victoria,22.29,114.16,46.0,22,2,11.01,HK,1609366081
309,landeck,47.13,10.56,30.0,78,40,5.82,AT,1609366155
310,hambantota,6.12,81.12,75.2,100,40,5.82,LK,1609366156
311,passo de camaragibe,-9.24,-35.49,78.8,78,40,6.93,BR,1609366156
312,zamora,-4.07,-78.96,82.4,48,20,11.41,EC,1609366156
313,daly city,37.71,-122.46,55.0,81,70,7.0,US,1609366157
314,matara,5.95,80.54,75.56,87,36,9.48,LK,1609366157
315,chicama,-7.84,-79.15,69.8,83,75,5.82,PE,1609366157
316,pochutla,15.74,-96.47,87.01,62,5,11.41,MX,1609366158
317,kulhudhuffushi,6.62,73.07,82.04,77,52,11.12,MV,1609366158
318,benavente,42.0,-5.68,37.99,93,20,10.29,ES,1609366158
319,sironko,1.23,34.25,71.56,54,43,2.93,UG,1609366159
320,north potomac,39.08,-77.27,44.01,41,1,8.05,US,1609366159
321,college,64.86,-147.8,12.0,77,75,3.47,US,1609366159
322,maceio,-9.67,-35.74,78.8,78,40,6.93,BR,1609366159
323,andapa,-14.65,49.65,65.95,90,1,2.77,MG,1609366160
324,naples,40.83,14.25,48.0,93,75,1.12,IT,1609365905
325,lumsden,50.65,-104.87,10.4,78,20,8.05,CA,1609366160
326,kotaparh,19.15,82.35,58.06,72,96,3.76,IN,1609366160
327,novyy urengoy,66.08,76.63,-17.63,87,82,7.29,RU,1609366161
328,amapa,1.0,-52.0,81.09,65,52,4.54,BR,1609366161
329,krasnoselkup,65.7,82.47,-13.81,84,94,10.29,RU,1609366161
330,monteiro,-7.89,-37.12,79.72,53,95,12.1,BR,1609366088
331,sovetskiy,61.36,63.58,-25.29,85,4,3.83,RU,1609366162
332,kindia,10.06,-12.87,71.73,67,0,3.85,GN,1609366162
333,rawson,-43.3,-65.1,61.61,47,32,10.98,AR,1609366144
334,san joaquin,37.93,-121.3,57.0,62,1,4.7,US,1609366162
335,itaperuna,-21.2,-41.89,75.72,90,71,4.18,BR,1609366163
336,pacasmayo,-7.4,-79.57,72.57,74,81,13.67,PE,1609366163
337,neepawa,50.23,-99.47,19.4,85,90,12.75,CA,1609366163
338,malkangiri,18.35,81.9,60.73,71,77,1.9,IN,1609366164
339,kamenka,51.32,42.77,23.0,94,100,9.78,RU,1609366164
340,wamba,8.93,8.6,77.92,28,3,5.3,NG,1609366030
341,maxixe,-23.86,35.35,80.8,86,46,8.81,MZ,1609366109
342,skjervoy,70.03,20.97,34.43,86,81,19.82,NO,1609366165
343,qaqortoq,60.72,-46.03,26.6,58,90,3.36,GL,1609366165
344,anupgarh,29.19,73.21,43.92,59,0,3.71,IN,1609366165
345,cortez,37.35,-108.59,33.8,55,1,4.7,US,1609366165
346,monrovia,6.3,-10.8,80.19,84,63,7.58,LR,1609366087
347,hauterive,46.09,3.45,37.4,74,0,10.29,FR,1609366166
348,abha,18.22,42.51,57.2,71,0,2.91,SA,1609366166
349,yumbe,3.47,31.25,73.8,49,24,3.27,UG,1609366166
350,garowe,8.41,48.48,67.71,69,0,14.61,SO,1609366167
351,jeremie,18.65,-74.12,78.24,66,2,7.63,HT,1609366167
352,filingue,14.35,3.32,73.47,18,0,9.17,NE,1609366167
353,katete,-0.78,29.75,65.3,72,100,3.53,UG,1609366167
354,iskateley,67.68,53.15,-21.21,85,0,9.44,RU,1609366168
355,simdega,22.62,84.52,56.52,72,31,3.65,IN,1609366168
356,jalu,29.03,21.55,55.06,45,2,7.45,LY,1609366168
357,sittingbourne,51.34,0.73,36.0,92,91,3.6,GB,1609366169
358,porvoo,60.39,25.67,36.0,95,88,4.0,FI,1609366169
359,hobyo,5.35,48.53,76.1,75,24,21.81,SO,1609366169
360,black river,18.03,-77.85,82.99,65,20,20.8,JM,1609366169
361,puerto del rosario,28.5,-13.86,60.8,67,40,8.05,ES,1609366170
362,valparaiso,-33.04,-71.63,84.2,29,0,16.11,CL,1609366150
363,coxim,-18.51,-54.76,88.59,49,32,5.48,BR,1609366170
364,leo,11.1,-2.1,74.34,19,0,6.02,BF,1609366170
365,port-cartier,50.03,-66.87,12.2,72,89,6.93,CA,1609366171
366,gat,31.61,34.76,61.0,57,0,3.0,IL,1609366171
367,jackson,42.42,-122.83,42.8,79,90,3.36,US,1609366171
368,muscatine,41.47,-91.13,26.6,73,40,16.11,US,1609366150
369,opichen,20.55,-89.85,86.0,45,75,12.75,MX,1609366171
370,kokkola,63.84,23.13,32.0,100,90,4.7,FI,1609366172
371,culiacan,24.8,-107.39,71.01,37,40,9.17,MX,1609365928
372,cleethorpes,53.56,-0.03,30.99,100,35,5.82,GB,1609366172
373,mayumba,-3.43,10.66,78.04,89,100,3.0,GA,1609366172
374,ixtapa,20.7,-105.2,73.4,69,75,11.41,MX,1609366172
375,winsum,53.33,6.52,39.0,94,28,15.48,NL,1609366173
376,meadow lake,34.8,-106.54,43.0,30,20,9.17,US,1609366173
377,rodrigues alves,-7.74,-72.65,89.6,62,40,6.93,BR,1609366173
378,stepnyak,52.83,70.78,-15.45,88,78,8.99,KZ,1609366173
379,pacific grove,36.62,-121.92,55.0,66,1,8.05,US,1609366089
380,najran,17.49,44.13,57.2,54,0,1.52,SA,1609366105
381,cheyenne,41.14,-104.82,30.99,39,75,12.75,US,1609366174
382,camana,-16.62,-72.71,72.64,72,89,5.5,PE,1609366174
383,pimentel,-6.84,-79.93,77.0,65,0,16.11,PE,1609366175
384,mangai,-4.05,19.53,70.47,96,100,1.66,CD,1609366175
385,jiwani,25.05,61.74,64.13,33,20,12.59,PK,1609366175
386,morondava,-20.28,44.28,82.33,77,27,8.21,MG,1609366176
387,buckeye,33.37,-112.58,66.0,12,20,8.05,US,1609366027
388,madison,34.73,-86.57,66.2,52,40,12.75,US,1609365879
389,thaba-tseka,-29.52,28.61,59.99,73,20,2.28,LS,1609366176
390,thomaston,32.89,-84.33,59.0,72,90,5.82,US,1609366176
391,marquette,46.53,-87.63,27.0,67,98,8.99,US,1609366177
392,itabirito,-20.25,-43.8,80.6,47,0,8.05,BR,1609366177
393,dudinka,69.41,86.18,-4.0,44,0,6.71,RU,1609366177
394,el tarra,8.58,-73.09,78.26,71,94,2.77,CO,1609366178
395,ballina,-28.87,153.57,77.0,78,28,9.17,AU,1609366178
396,ginda,30.69,78.49,38.03,37,0,7.83,IN,1609366178
397,lavrentiya,65.58,-171.0,22.42,97,100,8.1,RU,1609366179
398,belyy yar,53.6,91.39,-5.8,76,100,0.83,RU,1609366179
399,sao sebastiao,-23.76,-45.41,75.24,83,7,6.55,BR,1609366179
400,half moon bay,37.46,-122.43,57.99,71,1,6.93,US,1609365988
401,beohari,24.05,81.38,51.31,70,15,2.68,IN,1609366180
402,taos,36.41,-105.57,30.2,42,1,4.14,US,1609366063
403,keetmanshoop,-26.58,18.13,77.18,26,99,13.33,NA,1609366180
404,harper,4.38,-7.72,79.65,82,16,6.8,LR,1609366180
405,weligama,5.97,80.42,75.16,88,39,7.14,LK,1609366180
406,rio verde de mato grosso,-18.92,-54.84,85.73,53,29,5.46,BR,1609366181
407,lekoni,-1.58,14.26,75.78,80,100,4.12,GA,1609366181
408,comodoro rivadavia,-45.87,-67.5,62.6,48,0,14.99,AR,1609366181
409,okitipupa,6.5,4.78,76.57,91,100,2.46,NG,1609366181
410,sao filipe,14.9,-24.5,74.97,77,32,7.72,CV,1609366182
411,guerrero negro,27.98,-114.06,66.25,30,0,24.43,MX,1609366182
412,pryazha,61.69,33.62,32.0,97,100,6.71,RU,1609366182
413,tromso,69.65,18.96,28.4,86,0,13.87,NO,1609366028
414,qasigiannguit,68.82,-51.19,30.2,54,99,13.87,GL,1609366183
415,gravelbourg,49.88,-106.55,23.0,62,17,11.41,CA,1609366183
416,marawi,8.0,124.29,73.0,94,27,5.01,PH,1609366183
417,murici,-9.31,-35.94,78.8,78,40,6.93,BR,1609366184
418,touros,-5.2,-35.46,78.8,83,20,8.05,BR,1609366184
419,natal,-5.79,-35.21,80.6,83,20,8.05,BR,1609366069
420,avera,33.19,-82.53,59.0,77,90,8.05,US,1609366185
421,sfantu gheorghe,45.87,25.78,30.99,98,0,15.99,RO,1609366185
422,shache,38.42,77.24,16.39,93,0,3.02,CN,1609366185
423,verkhnyaya sinyachikha,57.98,61.67,-14.58,88,82,1.52,RU,1609366185
424,abu kamal,34.45,40.92,49.44,48,0,2.48,SY,1609366185
425,abu zabad,12.35,29.25,69.28,27,0,10.42,SD,1609366186
426,ferme-neuve,46.7,-75.45,23.0,92,100,5.82,CA,1609366186
427,dabat,12.98,37.77,51.26,52,0,4.99,ET,1609366186
428,thetford mines,46.09,-71.3,26.01,67,100,8.05,CA,1609366186
429,bonavista,48.65,-53.11,26.6,73,41,9.17,CA,1609366187
430,port said,31.26,32.28,64.4,88,0,5.82,EG,1609366187
431,straumen,63.87,11.3,34.0,80,40,8.05,NO,1609366187
432,dovolnoye,54.5,79.67,-26.12,86,100,8.81,RU,1609366187
433,biggar,55.62,-3.52,35.01,10,38,7.81,GB,1609366188
434,murgab,37.5,61.97,21.2,100,90,0.94,TM,1609366188
435,machico,32.7,-16.77,59.0,82,75,10.29,PT,1609366188
436,faya,18.39,42.45,57.2,71,0,2.33,SA,1609366188
437,boa esperanca,-21.09,-45.57,72.07,85,99,2.68,BR,1609366188
438,barra da estiva,-13.63,-41.33,68.02,59,5,3.62,BR,1609366189
439,kumluca,36.37,30.29,57.31,59,23,4.38,TR,1609366189
440,arteaga,18.47,-102.42,70.68,50,0,8.16,MX,1609366189
441,sanchor,24.76,71.77,50.83,43,0,13.27,IN,1609366190
442,chapais,49.78,-74.85,12.2,92,90,9.17,CA,1609366190
443,mancio lima,-7.61,-72.9,89.6,62,40,6.93,BR,1609366190
444,lusaka,-15.41,28.29,67.57,83,100,3.49,ZM,1609366191
445,sistranda,63.73,8.83,33.8,74,0,10.29,NO,1609366191
446,codrington,-38.27,141.97,58.71,72,54,16.35,AU,1609366191
447,boca raton,26.36,-80.08,75.99,69,90,13.87,US,1609365909
448,gokak,16.17,74.83,67.91,82,8,9.82,IN,1609366192
449,springbok,-29.66,17.89,53.31,81,2,4.25,ZA,1609366192
450,maldonado,-34.67,-54.92,73.4,60,40,11.41,UY,1609366192
451,craig,40.52,-107.55,28.4,78,1,6.93,US,1609366192
452,grindavik,63.84,-22.43,26.6,92,0,4.7,IS,1609366193
453,camacha,33.08,-16.33,59.0,72,40,11.41,PT,1609366193
454,petauke,-14.24,31.33,68.22,90,100,3.33,ZM,1609366193
455,antofagasta,-23.65,-70.4,68.0,77,40,17.22,CL,1609365953
456,prince rupert,54.32,-130.32,41.0,93,90,6.08,CA,1609366194
457,camalu,30.85,-116.07,66.99,11,0,10.0,MX,1609366194
458,pueblo nuevo,23.38,-105.38,45.21,100,96,10.89,MX,1609366194
459,nkhotakota,-12.93,34.3,75.11,85,100,4.34,MW,1609365980
460,cayenne,4.93,-52.33,78.8,94,0,3.36,GF,1609366195
461,platanos,37.67,21.62,59.0,72,29,13.87,GR,1609366195
462,the valley,18.22,-63.06,80.6,73,40,13.87,AI,1609366195
463,morro bay,35.37,-120.85,62.01,82,71,1.99,US,1609366195
464,huarmey,-10.07,-78.15,72.73,74,42,9.15,PE,1609366196
465,henderson,36.04,-114.98,53.6,12,1,6.93,US,1609366090
466,turku,60.45,22.27,37.4,100,90,9.17,FI,1609366196
467,padang,-0.95,100.35,73.4,94,75,4.7,ID,1609366000
468,santa,17.49,120.43,74.44,67,1,18.07,PH,1609366164
469,zlitan,32.47,14.57,60.62,64,0,13.8,LY,1609366197
470,moyamba,8.17,-12.43,75.94,88,7,3.6,SL,1609366197
471,udgir,18.38,77.12,61.48,76,8,6.2,IN,1609366197
472,xuddur,4.12,43.89,75.94,73,14,15.97,SO,1609366197
473,nanakuli,21.39,-158.15,82.4,48,1,8.05,US,1609366198
474,porto walter,-8.27,-72.74,80.62,91,100,2.33,BR,1609366198
475,igarka,67.47,86.58,-14.67,75,4,5.77,RU,1609366198
476,alofi,-19.06,-169.92,80.6,88,75,8.05,NU,1609366198
477,dakar,14.69,-17.44,69.8,94,0,13.87,SN,1609366090
478,mogadouro,41.34,-6.71,36.0,90,33,4.88,PT,1609366199
479,kasongo-lunda,-6.47,16.82,70.45,89,95,1.16,CD,1609366199
480,semirom,31.42,51.57,26.35,91,9,2.84,IR,1609366199
481,serik,36.92,31.1,57.0,100,40,4.7,TR,1609366199
482,formosa,-26.18,-58.18,96.8,47,20,5.82,AR,1609366199
483,kansanshi,-12.1,26.43,62.98,99,100,5.77,ZM,1609365969
484,sao joao da barra,-21.64,-41.05,78.8,69,0,17.22,BR,1609366200
485,uromi,6.7,6.33,74.95,67,63,5.64,NG,1609366200
486,blytheville,35.93,-89.92,53.6,93,90,9.17,US,1609366200
487,manali,13.17,80.27,80.6,83,90,8.05,IN,1609366201
488,calamar,10.25,-74.91,87.8,58,40,13.87,CO,1609366201
489,mayo,38.89,-76.51,44.01,60,1,12.75,US,1609366201
490,reconquista,-29.15,-59.65,84.4,58,69,8.95,AR,1609366202
491,visby,57.64,18.3,36.0,80,63,9.17,SE,1609366203
492,pitimbu,-7.47,-34.81,80.6,74,0,11.41,BR,1609366010
493,hutchinson,38.06,-97.93,42.8,33,1,12.75,US,1609366167
494,senanga,-16.12,23.27,69.12,93,100,4.59,ZM,1609366203
495,paita,-5.09,-81.11,78.8,65,0,23.04,PE,1609366204
496,jaciara,-15.97,-54.97,81.34,70,86,4.36,BR,1609366204
497,ojinaga,29.57,-104.42,37.4,93,90,14.99,MX,1609366204
498,clonakilty,51.62,-8.87,33.8,88,40,8.05,IE,1609366204
499,simoes,-7.6,-40.82,84.96,36,84,7.47,BR,1609366205
500,selcuk,37.95,27.37,57.2,100,40,4.7,TR,1609366205
501,viedma,-40.81,-63.0,68.0,42,0,5.99,AR,1609366071
502,beloha,-25.17,45.05,78.4,51,0,10.76,MG,1609366040
503,la suiza,9.85,-83.61,82.4,73,75,5.82,CR,1609366206
504,saint-pierre,-21.34,55.48,77.0,78,20,23.04,RE,1609366207
505,notre-dame-du-lac,47.61,-68.8,21.0,67,75,3.36,CA,1609366207
506,lujan,-34.57,-59.1,75.99,31,0,8.01,AR,1609366203
